Orig Query,New Query,Found,Match Rank,Rank,Probability
lucivna,nluwcivnefa,1,4,7,12.5
sasa,zvsasya,1,1,5,33.3333333333333
certizne,cerqldttizne,1,1,26,14.8148148148148
velke ostratice,qvelke ostlxraoticfe,1,1,88,6.18955512572534
stara halic,kastarat haglic,1,1,64,8.65051903114187
cierna lehota,ciernaa lemhoryfta,1,1,74,7.20720720720721
slovak archives  jewish census 1942 townships and communities slovak archives reel 2  box 184 file 3,slofvak marchives  jewgish censust 1942d townships and commulnities eslsovak archives reeol 2  buox 184 file g3,1,2,252,1.55092592592593
velke zaluzice,vebzlkde zawlyuzice,1,5,59,2.41545893719807
uhorske,uhporqslkfe,0,0,6,0.0
lopej,kllopeej,1,2,3,33.3333333333333
velkrop,vuixelkrozp,1,1,41,8.82352941176471
/vrbove,/pmdbvrbove,1,26,40,2.13903743315508
sotina,sonwtinba,1,11,14,2.63157894736842
prietrz,cpriejuvtrz,1,1,16,15.1898734177215
slovak archives  - jewish census 1942 townships and communities reel 1 box 182 corrected,slovak aroczhives  - jewisoh census 1942 townshipse and crommlunitijes reel 1 dbox 182 cnorfrected,1,1,218,1.74649378142366
nova lesna,novxa lyesnbea,1,1,71,4.58015267175572
slovak archives  jewish census 1942 townships and communities	slovak archives reel 2  box 185 file 8,hslopvvaka arachives  jewish census 1942 townships and vcommunities	oslovak awrchsives ryepel 2  box 185 file 8,1,1,268,1.57187176835574
sanbron,sanplzfbron,1,1,27,11.214953271028
hornie stitany,horngeiew stitancey,1,1,71,7.65027322404372
podturen,poadituqrlen,0,0,20,0.0
laskovce,laqdoskjovce,1,38,132,0.91324200913242
senne,senrnofe,1,6,12,5.88235294117647
plavetsky svaty mikulas,ugplanavetsky svaty mikulzals,1,9,98,2.63157894736842
vislava,jviscblavra,1,2,42,5.09554140127389
nedozery,uznmuedozery,1,1,8,29.4117647058824
presov,xprevcsov,1,1,50,6.31578947368421
markovce,mabartikovce,1,22,178,1.06100795755968
dobova,gtdojbova,1,1,133,2.48447204968944
cierne klucany,yciernem kluclyazny,1,5,39,4.32098765432099
lesne,icllesne,1,1,7,29.2682926829268
smizany,osxmiizanfy,1,1,7,42.1052631578947
kruzlova,krunuzlcovza,1,3,33,7.27272727272727
versvar,verdznsvqar,1,5,7,7.69230769230769
gronos,gdronohts,1,4,15,11.2676056338028
svaty kriz nad hronom,svaty kriz rnqjadl zhronuom,1,6,47,3.37423312883436
slovak archives - jewish census 1942 townships and communities reel 4  box 191 file 3,slolvak eafrcokfhiaves - jewish coengsus 1942 townships and communities refel 4  box 191 file 3,1,1,147,1.82673678383615
stavce,starzvcze,1,19,28,2.83687943262411
uderina,wuderikenna,1,1,14,24.0
velke vozokany,qvelkdmey voztokany,1,1,122,4.80274442538593
hrusov,hrosuksov,1,28,57,1.98019801980198
kalnica,kuwalnickpa,1,3,58,5.19480519480519
potor,potgosyr,1,4,5,25.0
dolne pribelce,doslne ehpribxuelce,1,1,49,10.3004291845494
basovce,basionvvcse,1,3,7,15.3846153846154
maluzina,mahluezingua,1,10,11,3.84615384615385
slovenske pravno,slqovrenske qprkavano,1,1,186,3.17460317460317
slovenska reslavica,savlovenska cresloiavica,1,1,234,5.76752440106477
hlinik nad hr.,hlviiniepk nad hnr.,1,36,77,0.917431192660551
sklabina,oskljavwbina,1,1,41,10.7913669064748
chrtany,chrpavtacny,1,3,5,28.5714285714286
senohrad,esbehnoahrad,1,28,39,1.14285714285714
ladce,layedcve,0,0,1,NaN
skalica,aseekalhica,1,28,56,2.42424242424242
dobsina,dozbgsinqxa,1,4,8,11.1111111111111
mnesice,smnfbzesice,1,1,54,5.85365853658537
priekopa,ptrfdiekoxpa,1,2,10,19.2307692307692
turie pole,thurceie polle,1,23,61,1.52091254752852
male levare,macleo rlmevare,1,2,18,16.4383561643836
cinobana,ciinobotvana,1,25,31,2.23880597014925
hoske  ?,nhosiukge  ?,1,1,10,33.3333333333333
hajtovka,hiajtoolvvka,1,1,8,40.0
malachov,malauycphcov,1,2,47,4.76190476190476
zlatno,zmvvlatno,1,1,18,16.4383561643836
zvolen,hzgvolaen,1,12,15,3.63636363636364
hutka,htucmtka,1,3,5,25.0
domadice,cedomadicpne,1,4,37,3.73134328358209
marikova,ymaruikotvda,1,1,20,12.8205128205128
mataska,maftjaaskka,1,3,7,18.1818181818182
myjava,wmpyhjava,1,16,30,4.44444444444444
podhradie,pqodhrabrdiye,1,1,33,9.16030534351145
hradisko,ahrxaldirsko,1,23,30,3.7037037037037
beckov,hbeckbjov,1,1,14,17.5438596491228
rapiste,rapisqwutde,1,1,15,18.75
porubka,polrubkdkla,1,2,29,7.47663551401869
vysnia pisana,vysfnia pisahnqxja,1,1,44,12.0689655172414
moravsky svaty jan,moraowvszky svvaty ojan,1,1,67,10.1809954751131
skalite,cskzkalitse,1,1,15,21.4285714285714
kelca,keilcjoa,0,0,2,0.0
ustredna zidov,upsrtretrdnau zidov,1,2,38,7.27272727272727
krasok,kkwraqsok,1,4,7,18.1818181818182
chrast nad hornadom,cthrast nad lhornadotrlm,1,1,133,5.04201680672269
jews in custody in bratislava in sept 1942,jewjs hin cquxstody inb bratislava in spept l1942,1,1,160,12.8205128205128
jedlove kostolany,jendlove tkostonclangy,1,1,174,5.19480519480519
hriadky,xhhriadonky,1,1,22,13.4831460674157
svaty ondrej nad hronom,smvaty onzdgrejj inad hroxnom,1,15,112,1.62381596752368
gajary,gayejarly,1,2,3,20.0
starzky nad popradom,starzztky nad poipryadnom,1,1,129,4.26439232409382
slovak archives  jewish census 1942 townships and communities	slovak archives reel 2  box 185 file 9,slovakq archives  jezwish census 1942 townshricps ayndr communities	slovadk arcphives rxeel 2 v box 185 file s9,1,6,227,1.61554671037228
kosarovce,kosaroxpdvyce,1,1,42,12.1951219512195
tvrdosin,tvridosicrxn,1,1,18,20.2702702702703
kostolany nad hor.,lhkonstvolany nad hopr.,1,1,168,4.54132606721163
slovak archives jewish census 1942 townships and communities slovak archives reel 3  box 189 file 3,slovak tarchives jewish census f1942 townsjhiipmsx and communpitieso slcovak archives reel 3 b bohx 189 file 3,1,1,248,1.55669144981413
slovak archives jewish census 1942 townships and communities slovak archives reel 3  box 188 file 2,slovak archives jewish census 1942 toowntfcshixps andg coxmmunities slovuak ajrclhives redel 3  box 188 file 2,1,1,218,1.63255920901357
kysucke nove mesto,kyseucke nrqove xmgesto,1,2,98,4.67532467532468
dlha nad oravou,odlha napd coruavosu,1,16,126,1.34228187919463
podolinec,ptriiodolinec,1,8,64,2.5531914893617
kapisov,kaxpixesotv,0,0,8,0.0
pudmerice,pludmerniokce,1,21,31,3.15789473684211
trakovice,traksobvicare,1,1,80,5.6390977443609
vojcice,kvojcincahe,1,1,25,16.4835164835165
vlasky,fvllausky,1,16,24,5.0
suche,fsupcmhe,0,0,3,0.0
vysnie revistia,vkysnyie regvxisutia,1,1,102,10.4166666666667
mokra luka,gmokreaxo luka,1,1,24,18.1818181818182
visnie zbojne,kuivisknie zbojnge,1,1,57,10.4234527687296
komarov,kodzimaxrov,1,23,39,3.38983050847458
kralova,kralosovdva,1,1,70,4.31654676258993
krusinec,kcrusinioesc,1,1,22,16.4383561643836
horny mostenec,hlorntyb mostxrenec,1,1,64,10.2127659574468
slovak archives  jewish census 1942 townships and communities	slovak archives reel 2  box 185 file 4,sloevak arychivoes  jewiskbsh census 1942 townxshxips and commrunitires	slovak archives rerel 2  box 185 file 4,1,1,228,1.65233137166139
vola,vgorola,1,7,19,5.79710144927536
bobrovec,wbhobrqaovec,1,24,32,2.14285714285714
hankova,harnkkkgova,1,33,130,1.29032258064516
trnavka,ztrnfajvwka,1,1,6,33.3333333333333
kolbovce,kolibpuovcae,1,1,132,1.72043010752688
tura luka,turagkmi luka,1,9,32,3.59712230215827
krajna polana,kraqjnda poczlarna,1,1,66,5.45454545454545
mutne,mptutnte,1,2,4,33.3333333333333
kopcany,kyqopcaznay,1,6,12,7.14285714285714
slovenska ves,lslovmenskav vmzes,1,1,155,3.81679389312977
visolaje,vigasoglajse,1,4,17,6.55737704918033
budkovce,wbufdkcovpce,0,0,23,0.0
nizny medzev,nizny vlmedzewkv,1,1,52,10.0864553314121
spissky strvtok,spiossky otsmitrvtok,1,1,57,11.4942528735632
casta,kcalskta,0,0,2,0.0
slanec,slxatpnec,1,9,13,2.63157894736842
podolie,opoemdoltie,1,32,90,0.617283950617284
litava,litmeyava,1,21,29,2.27272727272727
bystre nad toplou,biygasltre nad tojplou,1,1,131,5.05050505050505
zliechov,zlieqvcprhov,1,24,34,2.45901639344262
karlova ves,kahnrlova vetgs,1,2,154,3.62537764350453
blatne revistia,blatbne reveizstslia,1,1,105,9.23076923076923
liptovska osada,iliptovsatxka aosada,1,8,86,2.23880597014925
vrbov,evzrzbov,1,3,22,6.41025641025641
trencin,qtqremncrin,0,0,11,0.0
vysny hrusov,vlysgny hjfrusov,1,3,76,5.63380281690141
dolna strehova,dodqlnpag strehovza,1,1,66,8.7463556851312
smolnicka huta,smolznoicksa ihudta,1,1,20,12.7659574468085
hradok,ghragdtok,1,27,29,1.0
sarisske luky,saribssnlke lukggy,1,1,76,8.62068965517241
levoca,nloevqoca,1,1,4,42.8571428571429
spisske vlachy,sdpisjaxskye vlachy,1,12,54,2.52707581227437
horne byhymcine,hsbosrnqe byhyymcine,1,1,42,21.7391304347826
maly slavkov,marblwy slatvkov,1,1,145,3.71057513914657
palin,pnasdlin,1,14,19,1.88679245283019
liptovska luzna,ljxiicptovskya luzna,1,10,76,2.31958762886598
neverice,nfezaverlice,1,2,75,3.80228136882129
viaska potvorice,kviaskqa pzotvoriilce,1,1,32,23.5294117647059
nova bystrica,nova bygtistscrica,1,24,232,0.851581508515815
trocany,tproycooany,1,18,71,1.61943319838057
zarnovica,zaeernocvioca,1,11,16,2.08333333333333
cigel,cfigfael,0,0,1,NaN
velky bysterec,tvelkcy byshtezreuc,1,1,55,6.30914826498423
turany,wtburbany,1,13,83,1.73611111111111
sabinov,sabimnsqolv,1,1,7,38.7096774193548
dolne bzince,dlolner bzincene,1,1,111,8.77742946708464
velky saris,wvaeelky nsaris,1,1,131,6.94444444444444
velke kozmalovce,veflke kdozmalsovddce,1,1,108,5.55555555555556
simonovany,simoncvovaqiny,1,46,123,1.38888888888889
biksard,brviksjbard,1,2,10,18.1818181818182
velke ozorovce,veplkie fozogqrovce,1,1,168,1.58259149357072
skacany,sdczklacany,1,3,92,2.93398533007335
lubochna,mkblukbochna,1,1,18,26.2295081967213
porac,hporllac,1,11,24,5.0
kocurany,kcocurldgany,1,1,74,4.4280442804428
modra,smrodrna,1,16,23,2.73972602739726
dubravka,bdubrfavkbpa,1,1,19,15.5844155844156
revuca,xretpvuca,1,1,9,33.3333333333333
lasovce,wylausovlce,1,36,48,1.93236714975845
zelene,kxztelene,1,1,16,21.0526315789474
svercov,svdlerzccov,1,20,24,1.28205128205128
valkov,viatlpkov,1,58,76,1.36986301369863
giraltovce,girhalhqtovgce,1,20,36,3.57142857142857
lom nad hronom,glom jnaido hrognom,1,1,32,16.5562913907285
spissky hrusov,gdyspkissky hrusotv,1,1,73,10.1123595505618
cigelka,ctjigdehlka,1,5,13,13.7931034482759
svidnicka,svidnnizcpqka,1,3,27,9.91735537190083
klastor pod znievom,klastor poxd znikeovrdom,1,3,118,2.39130434782609
humensky rokitov,humxensky lrmokfitbov,1,1,135,4.6189376443418
mast,mvabast,1,13,18,6.45161290322581
rokovo,wrpoukovo,1,2,75,2.75862068965517
vapenik,zqivapenitk,1,1,79,11.6788321167883
slovak archives - jewish census 1942 townships and communities reel 4  box 192 file 3,slovafk azrxwchcives b- jewish census 1942 townships vand communities rveel 4  box 192 fjiley 3,1,1,217,1.58730158730159
licartovce,klyicartovdgce,1,1,83,7.8740157480315
slovak archives  jewish census 1942 townships and communities	slovak archives reel 2  box 185 file 2,slovak arwrchives  jewishk census 1942 townshilpisz and communities	slovnak arcmhatives ryeel 2  box 185 file 2,1,1,233,1.64609053497942
work camps in zilina county (documented by the hg),worfk campnas in zilmina ycobuntty (documoented by the hg),1,1,99,26.7175572519084
mestecko,kmezstejckso,1,12,15,2.17391304347826
malcov,gmalwcrov,1,54,55,0.581395348837209
svaty peter,svamty mpfeteir,1,15,23,2.65486725663717
zehra,fzemhsra,0,0,7,0.0
budimir,wbudilimiwr,1,1,13,25.0
slovak archives jewish census 1942 townships and communities slovak archives reel 2  box 184 file 1,slovazk harhchives jewishx census 1s942 towenships anfd commufnities slovaky archives rebel 2  boxu 184 file 1,1,1,261,1.55697098372258
velky ruskov,vedlkayl ruskxov,1,2,33,10.1694915254237
lipovec,kliapotverc,0,0,16,0.0
erdulka,erxdulrzkka,1,4,6,7.14285714285714
slopna,nslolpvna,1,7,68,4.16666666666667
obyce,dobbgyce,1,1,6,31.25
horne bzince,hforne blziznhce,1,2,70,5.28052805280528
petrovce,pentrouvvice,1,46,68,1.60642570281124
holic,vhowdlic,1,15,16,2.27272727272727
slovak archives  jewish census 1942 townships and communities	slovak archives reel 2  box 184 file 6,slovak archivesb  jewish census 1942 townships and wcomvmunitieds	slovack archigves yresel 2  boxc 184 filbey 6,1,3,197,1.63697640828117
hvozdnica,hvosdzbdhnica,1,1,70,5.05050505050505
papin,papiaeen,1,5,6,9.52380952380952
velicna,velfiricpna,1,51,53,0.636942675159236
nadlice,narrdaliice,1,44,63,1.82648401826484
valasovce,valarsofvmcce,1,1,15,16.3265306122449
velka,gvelnkta,1,34,40,0.806451612903226
zazriva,zkazrhivcna,1,40,62,1.5625
slovak archives - jewish census 1942 townships and communities reel 4  box 191 file 4,slovak arcqhives - jewish dcenzsus q1942 townshpipbls and comtmunitmies reel 4h  box 191 file 4,1,1,209,1.62974280621339
pcoline,puoctoaline,1,1,25,10.5263157894737
slovak archives jewish census 1942 townships and communities slovak archives reel 3  box 188 file 1,slovak archxives jewish cenxsusx 1942 townshuips xand communitiesz slovak archiveqs reel 3e b bvox 188 fizle 1,1,1,220,1.58921261738502
zem. pohradie,zem. wpiothraldsie,1,1,32,14.4144144144144
vysnie cabiny,gvyslnie cagbicnny,1,1,50,8.06451612903226
slovak archives jewish census 1942 townships and communities	slovak archives reel 2  box 185 file 7,slojvak pbparchives jewish cejnsus 1942 htownshigps andy cosmmuunities	slovakl archives reel 2  box 185 file 7,1,1,195,1.69370229007634
nova ves,njova evhxes,1,8,122,2.38095238095238
plavec nad popradom,plavhepc nnad pjoprapdom,1,1,91,7.99289520426288
cachtice,cohacphtnice,1,89,92,0.28735632183908
selce,soselcxe,1,8,9,5.88235294117647
hornia ves,xhorniav ovpes,1,2,56,5.4421768707483
hostovce,hostfozorvce,1,108,140,0.598802395209581
kojsov,koqjsnoxv,0,0,3,0.0
kunov,kunoxdhv,1,1,3,66.6666666666667
varin,vyarikjn,1,11,12,2.5
stropkov,usvtruobpkov,1,1,67,4.65116279069767
slovak archives jewish census 1942 townships and communities slovak archives reel 3  box 187 file 6,oslovak archives jewirslh census 1942 tziownshipsz and communritiexs cslovak archivwes reel 3  box 187 fiwle 6,1,1,187,1.65570976381787
povazska bystrica,unpovbazska tbystdrica,1,1,116,8.97009966777409
benice,bewrnicge,1,38,63,1.95121951219512
lipiany,qzglipianiy,1,1,35,16.260162601626
lieskovec,xlieskwaovlec,1,4,83,5.66037735849057
plavecky stvrtok,npzlavecky pstvrestok,1,1,108,9.51374207188161
roznavske bystre,roznaaavske rbystjtre,1,1,95,7.75193798449612
zemianske lieskove,zemianske latitewslkove,1,1,174,4.84048404840484
podbiel,pqodbizewel,1,1,2,100.0
parchoviany,wparchovqiannvy,1,5,94,2.32558139534884
lemesany,lemowesankty,1,1,24,14.1509433962264
nizna lipnica,snmiznoca loipnica,1,20,109,1.29310344827586
milbach,dmixqlbacoh,1,2,14,15.0943396226415
vychodna,vubychomadna,1,26,39,2.30769230769231
zbudza,znbeudcza,0,0,3,0.0
trencianske teplice,trseincciannske teplirce,1,10,94,2.06611570247934
poltar,opogzltar,1,1,22,12.6582278481013
borov,vbomrkov,0,0,67,0.0
sliepkovce,slxliekpkdovce,1,3,145,1.31578947368421
cecehov,ccvoecehopv,1,1,11,24.4897959183673
nemsova,wnvuiemsova,1,1,153,4.83091787439614
rakova,rakuomjva,1,10,11,2.5
banovce nad ondavou,banbolvcne naad ondavonu,1,1,97,7.94912559618442
plavnica,pplavhniilca,1,3,29,8.69565217391304
svaty kriz nad vahom,svmaty kryiz unadzy vahom,1,1,93,10.0
novot,snoavoxt,0,0,18,0.0
hrabusice,hruybabusjice,1,1,65,6.46551724137931
brakov,bberadkov,1,69,103,1.0958904109589
klacany,klachanlvmy,1,8,46,4.16666666666667
jacovce,jauycfoqvce,1,69,121,0.961538461538462
turiany,tnuripawuny,1,4,6,21.0526315789474
cajkov,tkcajkogv,1,1,3,75.0
lukacovce,jlukajczovcoe,1,1,135,2.39520958083832
upor,upapobr,0,0,10,0.0
podkrivan,jpodekirivagn,1,17,29,3.40909090909091
smolinske,smonlinnyskre,1,1,27,9.75609756097561
velke bielice,cvtelke mbieligcte,1,1,76,8.79765395894428
raztoky,rpaztoqkoiy,1,2,4,40.0
zbudsky rokytov,vzbhuddsky rokytgopv,1,1,52,11.9850187265918
niznia radvan,niznipga razedvaan,1,1,41,8.72727272727273
slanica,slautnnicka,1,6,75,3.43642611683849
nemecky grob,nemecktfy bvgrob,1,1,29,21.1267605633803
slatina nad bebravou,slatinak nadj hbebrahvoou,1,1,179,6.75675675675676
dolny kamenec,tdolny skqamennfec,1,1,79,5.67375886524823
senica nad myjavou,seanicxsa nadn mypjavou,1,31,115,1.13960113960114
velky bab,vcelkye bdfab,1,7,157,1.33111480865225
cukalovce,cuqkannlotvce,1,94,125,0.930232558139535
sielnica,sirewvlnaica,1,37,56,0.636942675159236
ocova,focovlha,1,18,24,2.38095238095238
jastrable,jjmastnrazble,1,2,26,8.51063829787234
slovak archives  jewish census 1942 townships and communities	slovak archives reel 3  box 186 file 4,slovak archives  jewish census 194t2 htofwnships and covzmomkunintiesq	sloivadk archives reel 3  box 186 file 4,1,1,235,1.61178908588533
majcichov,lmajucicphiov,1,9,15,4.54545454545455
tubrina,ttdubrinuva,1,1,20,16.8539325842697
zavar,nhzavcar,1,14,16,2.08333333333333
jastraba,fjabstigraba,1,21,28,2.0
trhoviste,tstorhovistqe,1,1,77,6.32911392405063
nove mesto nad vahom,jnove mzeysto nytad vahom,1,1,155,9.96168582375479
gaboltov,ghalborltqov,0,0,24,0.0
vysna zubrica,vysnao vqzsubriwca,1,8,21,4.46428571428571
bzovik,bvzovvvik,1,1,10,26.3157894736842
liptovsky svaty mikulas,liptovskyt svabty njmikuilhas,1,6,80,4.7244094488189
turik,wtyumrik,1,3,4,30.7692307692308
lubica,blnoubica,1,27,58,1.91082802547771
koskovce,rkoygskovcte,1,1,165,2.06327372764787
ceske brezovo,mxcfesqke brezokvo,1,1,59,8.82352941176471
rakovcik,riagkovicdik,1,61,86,1.17302052785924
rybary,rybxepary,1,1,12,21.6216216216216
dubnica nad vahom,adubnica nadt vgahrolm,1,1,133,5.59006211180124
dolne drzkovce,doylnew bhdrzkgovce,1,92,134,0.572737686139748
mestisko,mrefnfstisko,1,1,37,10.5960264900662
slovak archives  jewish census 1942 townships and communities	slovak archives reel 2  box 186 file 2,slovak aircbhivdesl  jewgish census 19e42 townships nand communitcies	slovafuk archives reel 2  box 186 fbile 2,1,1,259,1.59041394335512
telgart,eteyylgahrt,1,6,7,6.66666666666667
vysny mirosov,vysnvy qsmjeirosov,1,1,57,9.6
urmince,kurmwionche,1,2,6,22.2222222222222
cierne pole,ciemrne pcowile,1,1,96,6.63900414937759
remeniny,iremyveniniy,1,1,24,13.6363636363636
pricka,xprrihcka,1,3,13,10.0
baranc,xfpbaranc,1,1,25,17.0212765957447
pstrina,pmusteriona,0,0,33,0.0
polhore,phorlhopmre,1,26,36,1.72413793103448
lednicke rovne,kledonhictkne rovne,1,5,69,2.5
brezova nad bradlom,brezjova nad bbrjraadlom,1,33,189,1.12044817927171
stubove teplice,stubdxove teyekplice,1,3,96,2.45231607629428
zupkov,tzhupkowv,1,1,4,44.4444444444444
okruhle,rgokhcruhle,1,1,3,75.0
rakovec nad ondavou,urakovecd neadl onvdavou,1,1,123,7.5885328836425
dolna krupa,doylxina hkrupa,1,1,57,9.30232558139535
bosany,jboswdany,1,1,76,3.690036900369
stara lesna,stkaarnia lesna,1,1,58,5.84795321637427
dolne zemberovce,dvooilhne zemberovzce,1,1,69,3.91304347826087
busevce,buusdegvpce,0,0,1,NaN
muran,mwuhraln,0,0,26,0.0
kudlovce,keudlqaosvce,1,1,121,1.9047619047619
cifer,kcjiqfer,1,1,2,100.0
male zaluzice,mauznle zzaluzicfe,1,2,72,5.69105691056911
devinska nova ves,qedevinskka cnova vecs,1,1,229,5.51102204408818
bodruzal,rbnodruhzoal,1,1,6,44.4444444444444
vyrava,vyyrwavxa,0,0,1,NaN
tokajik,ntokmmacjik,1,1,12,17.0212765957447
biskupice pri dunaji,biskeumpiceg prip dunajoi,1,1,100,10.989010989011
velka bytca,velka zubcytkca,1,25,83,1.93236714975845
spisske. tomasovce,sopxisske. tomgassovcde,1,1,232,4.65657741559953
chotca,chotcrtsa,1,1,20,18.4615384615385
zemanska kotesova,zembsanska kotexoesova,1,16,234,1.25391849529781
vesele,vesepzdle,1,1,77,6.99300699300699
dolne plachtince,doelnne plazcobhtince,1,1,67,12.987012987013
vazec,vazewnnc,1,4,5,11.7647058823529
straze nad myjavou,strcaze nad mygxtjavopu,1,1,94,6.97969543147208
slovak archives  jewish census 1942 townships and communities	slovak archives reel 2  box 185 file 1,slovak asrchives  qjewish census 1942 townsxhips and communities	sblomvak anrchivves reyel b2  box k185o file 1,1,1,219,1.57247037374658
svaty jur,ssivaty djhur,1,18,25,2.14285714285714
slovak archives  jewish census 1942 townships and communities	slovak archives reel 2  box 186 file 1,slovkak archives wo jewish cceansus 19x4l2 towxnships and comimunities	slxovak archives rteel 2  box 186 file 1,1,1,217,1.64357830476638
bela nad cir,gbelda gnadd cir,1,1,122,6.49350649350649
kochanovce,kochandovhxsce,1,1,92,8.64864864864865
laclava,laocplavsfa,1,13,30,3.2258064516129
tovarniky,tyovaosrnikvy,1,1,149,3.6231884057971
pruzina,apuruzninna,1,24,26,1.0989010989011
uhorsky zipov,uhorursky zluidpov,1,1,74,7.65027322404372
maly saris,malye shiayris,1,1,93,5.68720379146919
medzibrodie nad oravou,mtkedizigbrnodie nad oravtou,1,35,115,1.30023640661939
dolna streda nad vahom,dolna strveda nad hvfahtnyom,1,1,146,5.50381033022862
fekisovce,feykpisaoovce,1,65,137,0.906002265005663
slovak archives jewish census 1942 townships and communities slovak archives reel 2  box 184 file 2,slovak arcohives qjewish cernsurs 1942 towsnships and communieties slovpak arcehives jreel 2 g box 184 file c2,1,1,242,1.55733836715432
biely kostol,biely wkoisswtol,1,1,39,13.6054421768707
slovak archives jewish census 1942 townships and communities slovak archives reel 3 box 186 file 3 c,slovak archives jewish cewnsus 1g942 townxshipbs afnd cnommunieties slwovak archizvoes reel 3 box 186 filme 3 c,1,1,222,1.65718525847143
dojc,dovljnc,0,0,8,0.0
velke levare,vrelkve ljevfare,1,1,51,8.62068965517241
vyhne (tabor),qevyhne (toqabcor),1,2,30,6.19469026548673
kostolne moravce,kostolplne modtdravce,1,10,194,1.22086570477248
helpa,helpalna,1,1,12,28.3018867924528
hajniky,fhaijnjioky,0,0,5,0.0
nova ves nad zitavou,vnova ves naydj zitwavolu,1,1,216,5.3475935828877
svinia,svinwitaa,1,17,20,2.5974025974026
smilno,sspmilhno,1,1,6,23.8095238095238
velke bukovce,velkben dlbukovqce,1,1,106,4.00801603206413
humenne,lychyumenne,1,1,24,21.6216216216216
borsky svaty mikulas,borzsky zsvyaty vmikulsas,1,1,63,10.5820105820106
nedasovce,nepdvasovctve,1,1,143,1.91387559808612
mlynarovce,mlhyynanrovice,1,5,102,2.088772845953
police headquarters in bratislava (continued),polvice headkqusgartersp in bnratyislamva (continued),1,1,150,15.0453955901427
liptovsky hradok,sliptovtsuyky hmradok,1,1,95,10.1123595505618
sirk,silbruk,0,0,4,0.0
racanov,qracanbbjov,1,1,28,10.4347826086957
pald,vpadgld,0,0,1,NaN
jablon,jamabclon,1,4,8,14.8148148148148
vrbovec,vrlbnoveanc,1,19,76,1.74216027874564
risnovce,risinjpoovce,1,104,132,0.350058343057176
tulcik,tucctlcik,1,9,10,4.76190476190476
iliasovce,cilyziascovce,1,2,136,1.32596685082873
klokocov,ksloqkeocpov,0,0,70,0.0
gelnica,gvexlonixca,0,0,7,0.0
hrusovany,ohrzurtsovany,1,1,227,2.24403927068724
drahovce,jzdrahovncze,1,14,37,3.38983050847458
bosaca,jboyslaca,1,6,38,3.6231884057971
niklova,edxniklocva,1,1,28,10.4347826086957
pecenady,pebmchenpady,1,1,5,40.0
liborce,leiboifzrce,1,1,8,24.2424242424242
danova,daqgnodva,0,0,6,0.0
velke surovce,gvnelkxce suroovce,1,91,171,0.678294573643411
strezenice,zstrezensjicoe,1,1,121,5.84795321637427
nemcice,npegvmecice,1,4,62,3.6036036036036
backov,fbaczdkov,1,2,71,2.99625468164794
modranka,vymeodjranka,1,19,26,2.88461538461538
granastov,grjanasuctocv,1,1,18,11.2676056338028
dvorniky,djvorrnikgky,1,29,37,2.02702702702703
sintava,sidzngtaxva,0,0,2,0.0
breznicka,ibreuzntiocka,1,1,29,10.989010989011
dubovica,dieubtovicca,1,4,51,4.3010752688172
slovak archives  jewish census 1942 townships and communities	slovak archives reel 2  box 183 file 2,slovak archivpies  jepewish census 1942 touwmnshiprms and communities	slovbak archives reel 2  box 183b filke 2,1,1,242,1.59071367153912
vilagy,vqiplagby,1,8,11,10.0
uherska reslavica,uhersika rzeslavkkicea,1,8,130,1.53256704980843
betlanovce,bjetlarnovocwe,1,1,72,4.34782608695652
nemecka,nexmjeckwma,1,11,12,2.7027027027027
machalovce,machalpovucufe,1,1,33,11.1888111888112
baldovce,obaildovacce,1,1,122,2.77777777777778
hranovnica,hovranocvncica,1,62,104,0.900900900900901
dobra,dtoabrra,0,0,4,0.0
abraham,apbrnqahahm,1,3,4,11.1111111111111
krajna bystra,kfrajnygzia bystra,1,1,70,7.47663551401869
dolnie mladonice,doqnlfnieaq mladonice,1,1,120,7.5
most nad grutiou,myost nvadl grutiworu,1,3,33,5.46875
ubrez,qbubrbez,1,2,6,26.3157894736842
gribov,gribbahov,1,1,27,8.24742268041237
brdarska,nubardarskta,1,1,22,16.1616161616162
ilava,mmyilava,1,7,41,3.72670807453416
vysoka,vynsbeoka,1,3,8,15.3846153846154
zakopcie,zavkopcsipre,1,17,22,2.22222222222222
roskoviany,qrostkuoviabny,1,1,41,7.64331210191083
sasov,sgarstov,0,0,48,0.0
chlumec nad vahom,cihnluwmec nad fbvahom,1,1,61,5.35714285714286
solosnica,solosdnljijca,1,1,10,31.25
vysny orlik,vysnny oerlidck,1,15,37,2.76243093922652
slovenske klacany,slxovenske ktlachlavny,1,2,186,4.27807486631016
spisska nova ves,spisska dnovata xveos,1,1,227,4.91299897645855
breznica,kbrpeeaznica,1,1,76,3.69230769230769
myslina,iqmnysflina,1,2,37,6.77966101694915
dolny hricov,deoglfwny hricov,1,6,77,2.40549828178694
bidovce,vbciyadovce,1,106,138,0.342075256556442
sabotiste,crszaabotiste,1,1,35,17.6470588235294
medvedzie,gmedvebdjzioe,1,1,8,33.3333333333333
bertotovce,bertotdtovczse,1,4,141,1.16959064327485
chabazany,chabbabzalnpy,1,1,16,13.5593220338983
detva,detvvtaa,1,1,2,100.0
banska stiavnica,bahnskas stiavawnsica,1,3,202,2.05882352941176
unin,eunigan,1,1,62,6.41025641025641
ondrasova,orndravsonvaa,1,4,54,4.16666666666667
bytcica,bytmicewica,1,2,160,2.088772845953
maly cepcin,vmaly cehxpcian,1,9,101,2.12765957446809
slovak archives  jewish census 1942 townships and communities	slovak archives reel 2  box 184 file 5,slovak archives  jjewishs census 1u942 towlanshipys and commzdunities	slovak archmivges rerel 2  box 184 file 5,1,1,241,1.63556784151117
slovak archives jewish census 1942 townships and communities slovak archives reel 3  box 188 file 3,slovask archivgess jewisfh census 1942 townshipjs and lcommunitiefsl slogvavka archives reel 3  box 188 file 3,1,1,247,1.56589821661592
bucany,bjukcanry,1,5,19,6.66666666666667
trnava,otrndavia,1,15,22,2.32558139534884
kolarovice,kdorlarovrirce,1,30,47,1.82926829268293
zabokreky nad nitrou,zabookreky qinxad initrou,1,1,164,11.7416829745597
/-t,osh/-t,1,1,2,100.0
stupava,stmupavvaza,1,5,9,8.0
lukov nad teplou,nklukjov npad tepblou,1,10,77,2.44648318042813
celovce,hcelowvqwce,1,1,5,52.6315789473684
nolcovo,idnovhlcovo,1,1,86,3.6697247706422
sarisske dravce,sarkisshkted drahvce,1,28,152,0.880281690140845
nacina ves,nacfiniai veps,1,2,33,6.55737704918033
slovak archives jewish census 1942 townships and communities slovak archives reel 3  box 187 file 4,slovak archives jezwiszhm cencsuats 1942 townships and communities slovak archlives regerl 3  box 187t filje 4,1,1,217,1.59151193633952
slovak archives jewish census 1942 townships and communities slovak archives reel 3  box 189 file 2,slovzak archives rjbewish census 19d42 townships angd communities slovak archivesbvz reeyl 3l  box 189 filej 2,1,2,212,1.59279778393352
kraviany,qkkraviaorny,1,1,64,6.77966101694915
zariecie,zjmarilecpie,1,51,81,0.671140939597315
velky folkmar,vheklkyi folkkrmar,1,1,28,17.3913043478261
slavkovce,slasvkocvawce,1,1,36,6.2015503875969
cerveny kamen,cewrdqveny tkaqmen,1,1,46,10.3092783505155
zbudske dlhe,zbyzuvdske dlhme,1,1,59,8.75912408759124
zakamene,vxzakamebone,1,1,12,24.390243902439
zemanska ludrova,zkhemafnska leudrovda,1,1,109,5.51724137931035
poprad,epopyrald,1,9,11,5.71428571428571
sedlicna,lfsendlicnya,1,9,24,5.17241379310345
rybany,ryqbozany,1,68,73,0.37593984962406
solivar,saolpiveamr,0,0,58,0.0
hontianske tesary,hnontaiansskeu ztesary,1,10,79,2.1680216802168
kralovany,nkrwalolvanxy,1,1,24,9.63855421686747
kluknava,klukknrafnva,1,7,11,6.45161290322581
vistnia polanka,visetmynia vpolaxnka,1,1,77,6.59340659340659
piestany,stppdiestany,1,3,176,1.91204588910134
habure,habetvure,1,1,6,43.4782608695652
kurima,kvoyurima,1,1,5,62.5
male hydnice,male hydcneenice,1,1,165,5.67375886524823
various places (to be established - very few),varikous plapcehs (to be establishedygp j- veryl few),1,1,155,5.99250936329588
turzovka,tuxrzovekhja,1,27,36,1.61290322580645
visnie mirkovce,viksnien mzfiqrkovce,1,1,191,1.99170124481328
belovez,pbgealovefz,1,13,116,2.43161094224924
koseca,kogsencya,0,0,11,0.0
lada,lanftda,0,0,17,0.0
cataj,caltmlaj,0,0,4,0.0
iadomirova,ibadyomirxovka,1,1,15,16.1290322580645
gbely,ygtbvely,1,31,38,0.862068965517241
nagov,nfnaagov,1,1,4,61.5384615384615
velke chlievany,vselke chxzlmizevany,1,1,137,6.38977635782748
dulvina,duhlvinwtja,1,1,12,18.1818181818182
cicmany,ccxvigcmany,1,60,79,1.0752688172043
pernek,plernsyek,1,4,9,14.2857142857143
ticinec,tyiucdignec,1,6,12,11.7647058823529
bolesov,bsolesyrgov,1,19,25,2.22222222222222
stupne,stuaspnie,1,3,27,4.70588235294118
velky sulin,vetlky zesulidn,1,1,36,8.79120879120879
podskalie,poddskanlwhie,1,1,63,5.58139534883721
slovenska lupca,yslovednsktsa luupca,1,11,162,1.36518771331058
dubinne,dreudbifnne,1,3,7,23.5294117647059
slovak archives -  jewish census 1942 townships and communities reel 4  box 190 file 3 continued,slfovak archives -  jewisoh cenksus 1942 townshipsl ando comymunisties reel 4  box 190w mfile 3o contminued,1,1,207,1.79948586118252
sokolce,snlpoukolce,1,1,22,17.4418604651163
pobedim,pobjwewdxim,1,1,3,50.0
velka domasa,vhelka blddomasa,1,1,102,6.74698795180723
borsky svaty peter,boorvsky snvatyw pbeter,1,2,70,6.52680652680653
revucka,trevvufckya,1,10,27,4.04040404040404
katlovce,ekklatzlovce,1,14,218,1.09789569990851
meretica,mpeykreticna,1,1,16,25.8620689655172
velke pole,vegklkex kpole,1,25,37,2.20588235294118
hatne,hzbatzne,0,0,5,0.0
namestovo,gnayemestpovo,1,6,38,4.0
solna bana,solnja banoioa,1,1,72,7.38007380073801
terchova,twerkscxhova,1,49,128,0.66006600660066
zubak,zuvqbavk,0,0,9,0.0
sastin,usasxutin,1,12,21,3.07692307692308
petrov,preztdrov,1,13,46,2.63157894736842
liptovske trnovce,jliptovaske trnowvwcme,1,10,206,1.4367816091954
ustie nad oravou,usstie nhapd oqaravou,1,8,124,2.10526315789474
velka udica,veiqlkka udinca,1,36,56,2.06185567010309
lovinobana,lovigntokabana,1,1,136,6.23376623376623
jamnik,jamnnqigk,1,1,2,100.0
rakusy,rafshkusy,1,1,5,38.0952380952381
cadca,claaodca,1,2,3,33.3333333333333
strecna,srthqrecnga,1,1,6,38.0952380952381
slovak archives  jewish census 1942 townships and communities	slovak archives reel 2  box 185 file 3,slovajk arcchives  jewish census g1942 townships danud commyunitiees	slcovak arvchives reel 2  bozx 185 nfile 3,1,1,219,1.64319248826291
hanzlikova,hamwpnzlikrova,1,1,153,4.06091370558376
turciansky svaty martin,tyurcipansky svcwpaty mwartin,1,4,93,4.76190476190476
prievoz,pruievdlboz,1,2,10,15.1515151515152
hanigovce,hyanhvigotvce,1,1,122,1.88679245283019
gocovo,sgoocoovo,1,10,14,4.65116279069767
spacince,spacyxpinmce,1,4,7,10.5263157894737
timoradza,timgoourabdza,1,1,22,10.8108108108108
topolcany,topolcendyany,1,4,157,2.1505376344086
hostovice,hosltozrvvice,1,1,62,5.35714285714286
nemcicany,nefmciczanzly,1,2,17,12.3076923076923
merasice,mlerybasiece,1,9,19,6.34920634920635
slovak archives  jewish census 1942 townships and communities	slovak archives reel 2  box 184 file 4,slovak archiveos  jewish census 1h942 townships and commumnitiesg	eslovak aprchbicvves reel 2  box s18c4 file 4,1,1,218,1.59772379076384
dolnie dubove,dolniiepr dubhovxe,1,1,60,6.80272108843537
 /t, on/tt,0,0,4,0.0
topolovka,tobpolovmkkma,1,1,113,4.3956043956044
krusovce,krtushotvche,0,0,15,0.0
zaborie,mzaubtoriee,1,1,17,14.2857142857143
slovak archives - jewish census 1942 townships and communities reel 4  box 192 file 2,slovak archives - jewisoh census 194qr2 townmsshsipsm and communitrikes reel 4  box 1w92 file 2,1,1,215,1.62463627546072
prasice,iaparashice,1,1,122,3.44827586206897
male bialice,malpev bialaiuce,1,1,31,12.8
hotkovce,hgxotehkovce,1,4,169,1.11627906976744
hatalov,vdhacytalov,1,1,98,4.8582995951417
zavada,zdavadcia,1,2,38,6.2015503875969
jablonica,jaobjplodnica,1,3,75,3.02114803625378
klcovany,zklfcovjuany,1,1,92,2.5
inacovce,innackotvtce,1,8,15,6.89655172413793
male vozokany,malhe vozbojkabeny,1,1,41,11.6959064327485
sandal,skayndeal,0,0,42,0.0
chtelnica,czhtmeltnilca,0,0,13,0.0
stavnik,stjravnoimk,1,6,25,5.49450549450549
melcice,emeelcxmice,1,2,124,3.38983050847458
hanusovce nad toplou,hanpusovcew nzad topfjlou,1,1,256,3.61794500723589
slovak archives - jewish census 1942 townships and communities reel 4  box 191 file 2,slovak archives - jewish censxus 1942 tnownyships and commuvnities reel 4e  bjoxxda 191 filej 2,1,1,211,1.60216909046093
korytne,korytnefice,1,1,62,8.81057268722467
pavlovce nad uhom,pyavsmlovce nadf vuhom,1,1,268,2.925877763329
potoky,paotouqky,1,1,7,22.2222222222222
sulovce,sulsmoxsvce,1,1,126,1.80995475113122
dacov,dceeacov,1,2,25,7.69230769230769
jaklovce,wjakbxglovce,1,1,209,1.90114068441065
zakarovce,mzakarvohevce,1,1,124,3.57142857142857
bojna,bloiwjna,1,6,8,4.0
moranska zdychava,moraynskykia zdygchava,1,1,103,8.80195599022005
slovak archives jewish census 1942 townships and communities slovak archives reel 3  box 190 file 1,slocvakk aarchives jewish xcgensus 1942 townships andxe coomemunitizees slovak archives reel 3  box 190 file 1,1,1,203,1.6480965645311
oslany,osjzdlany,1,3,79,3.2258064516129
genc,gelunuc,0,0,6,0.0
nadas,nalsdcas,0,0,5,0.0
rostar,msrojstar,1,2,29,7.09219858156028
cacov,caskchov,0,0,29,0.0
markusovce,smsarkuesovcte,1,1,151,3.12989045383412
pohorela,kpcohforelya,1,8,11,5.88235294117647
huty,houtyfy,1,2,3,50.0
krasno nad kys.,krpasno navmrcd kys.,1,1,65,17.175572519084
ruzina,rkufzigna,0,0,3,0.0
pribovce,pgirioborvce,1,10,139,1.02459016393443
vrbovce,wovrbovckre,1,43,135,0.773694390715667
nizny svidnik,nizpnyn sviadunikk,1,1,126,4.71976401179941
mytna,mpcytnia,1,12,21,5.63380281690141
osuske,rosupskoe,1,16,23,4.76190476190476
sliace,sliagclme,1,1,7,28.5714285714286
krusetnica,kirusetniekkca,1,8,43,3.26797385620915
zemianske kostolany,qztemianske cfkostoladny,1,1,125,6.51289009497965
roztoky,rqozvtokuny,1,9,10,8.51063829787234
stola,vstpowla,0,0,1,NaN
kolenany,vkoletnganry,1,1,28,9.19540229885057
jovsa,jorvsyya,0,0,1,NaN
farkasovce,faroklasrovcre,1,13,157,1.27388535031847
holcikovce,hotlcikovpcgxe,1,1,79,4.89296636085627
nemcar,nrembcanr,0,0,24,0.0
osrblie,bozsrbhqlie,1,1,19,12.3076923076923
mikusovce,vsmyhikusovce,1,2,148,2.30547550432277
stos,fsktoos,0,0,1,NaN
chynorany,gchhvpynorany,1,13,98,1.41242937853107
predmier,predvmivpker,1,12,15,3.44827586206897
trnava hora,trnajivan thora,1,27,77,1.26582278481013
jakovany,jakqojpviany,1,8,84,2.28571428571429
brusnica,qsjbrusnivca,1,1,26,15.0943396226415
krajne,kroajpnne,0,0,6,0.0
podskolie,podskoqlqwpie,1,1,38,11.8518518518519
zavod,zdayvrod,0,0,6,0.0
myto pod dumbierom,myto ptthod dlumbierobm,1,1,32,11.1111111111111
racice,fraicicwe,1,11,12,2.85714285714286
medzany,nmedztaniny,1,3,27,6.55737704918033
kec. peklany,pkec. pekvwlaony,1,1,6,31.5789473684211
hunkovce,hunkocvmeace,1,1,14,21.8181818181818
nemecka lupca,jneymeczka lfuptca,1,46,68,1.17647058823529
petrmanovce,peabtrmanopgvce,1,1,131,3.74531835205993
cabalovce,cabalckcoavce,1,1,129,3.38983050847458
dulov,ldzyulov,1,1,96,3.7914691943128
tolcemes,qtenolcemmes,1,1,27,15.2380952380952
cropov,ckfrgopov,1,1,11,19.047619047619
visny svidnik,xvilsvny svilzdnik,1,1,72,8.62068965517241
strazske,nstratozzske,1,1,75,6.15384615384615
kremnicka,oxkremnbickta,1,1,17,24.6153846153846
balpotok,ibalpojwtomk,1,1,9,38.7096774193548
mlynany,mlynvovyany,1,1,73,4.49438202247191
pukanec,ogpxupkanec,1,12,16,5.55555555555556
girovce,giuivrovzce,1,15,32,4.3010752688172
maly lipnik,malyld leipndik,1,1,35,9.43396226415094
kuty,kmcujty,0,0,1,NaN
moraviany,mofratvixasny,0,0,19,0.0
cierne,ceidcerne,1,1,20,10.5263157894737
kucin,okmubcin,1,7,13,11.4285714285714
slovak archives  jewish census 1942 townships and communities	slovak archives reel 2  box 183 file 3,selovfak archives  jewish celnsus 1942 townships cand communiusties	slovak tqarchbhives reel 2  box 183 kfile 3,1,1,239,1.62740899357602
nizne ladiskovce,enizne ladiwskeoyxvce,1,1,214,4.02234636871508
stanca,ustaasnca,1,1,36,6.15384615384615
trnove,trnbcovze,1,12,28,4.70588235294118
kostany nad turcom,kostacnye nadx ukturcom,1,1,164,6.33802816901408
valaska,vewvaplaska,1,45,61,1.21457489878543
bahoni,bxwiahoni,1,10,13,6.38297872340426
miglesov,miigtlesobgv,1,1,11,20.5128205128205
niznia jedlova,nimkznia jedxlzovqa,1,1,88,9.52380952380952
horne motesice,xthorbne moltesicze,1,8,73,2.3972602739726
kovarce,rkvgovarcye,1,1,128,4.08719346049046
trebisov,trenngmbisov,1,1,67,8.33333333333333
orechove,orecxnhovwne,1,1,25,13.7931034482759
nizny komarnik,vnciziny komparntik,1,1,66,7.40740740740741
slovak archives jewish census 1942 townships and communities slovak archives reel 3  box 187 file 7,slovak archivesb jewish censucs 194wag2 townships andd comvmuanitiest slovak archives reel 3  box 187 fiklae 7,1,1,234,1.57772621809745
sandorf,sgancdforrf,0,0,5,0.0
pliesovce,pblioersovpce,1,43,49,0.598802395209581
slovakia,qsnlovakizha,1,34,145,0.764818355640535
handlova,haunduloqfva,0,0,5,0.0
kelemes,kptelemekhs,1,1,16,19.672131147541
lutina,lutoilhna,1,2,6,22.2222222222222
bela,jbelqoa,1,6,11,13.3333333333333
dezerice,ddeirzherice,1,44,68,1.31578947368421
oravka,woravvhka,1,4,29,6.66666666666667
drienov,drlienhvoov,1,15,24,5.06329113924051
vavrinec,vajvrfifneoc,0,0,4,0.0
velka causa,tvelka coauvsia,1,36,136,1.0752688172043
lubina,plqubiwna,1,6,9,5.55555555555556
zavadka nad hronom,zjgavadika nxad hronoim,1,1,147,5.65770862800566
slovak archives jewish census 1942 townships and communities slovak archives reel 3  box 188 file 5,slovak archives jewiash cqqensus 194v2 ztownshipst and communitimes slovak archives reepl 3  boxu 1y88 fiele 5,1,1,224,1.58567774936061
tegena,tcegepnja,1,1,2,100.0
melzenice,melyozeingice,1,2,56,4.16666666666667
banka,banuakna,1,11,14,2.5
domaniza,dodmoarnviza,1,9,10,3.57142857142857
medzibrod nad hronom,medrkzibrzod nad zhrzonom,1,1,68,5.99700149925037
koterbachy,kiotexrbbapchy,1,1,11,30.3030303030303
vyhne,vzkyhnue,1,1,7,31.25
circ,caqrirc,1,1,2,100.0
police headquarters in bratislava,polizcsxe heaxdquarters in brtnatnislava,1,2,97,15.304347826087
nemecka poruba,nemeloicka porceuba,1,1,104,6.68058455114822
trencanska tepla,trejncanslkga bteqpla,1,1,68,9.65250965250965
krestar,kraeiisitar,1,28,36,0.78125
vieska nad zitavou,viuespkaw nuad zitavfou,1,3,66,8.21917808219178
slovak archives - jewish census 1942 townships and communities reel 4  box 191 file 6,svlovak arcmhives - jemtwish census 1942 townushoiaps anddu communities reel 4  bogx 191 file 6,1,1,209,1.67416291854073
hlohovec,holoheovaekc,1,46,123,0.711743772241993
castkovce,bqcastkjovece,1,1,47,5.55555555555556
dohnany,idohnxagniy,1,2,5,22.2222222222222
velky kolacin,voelhvkcy kolancin,1,1,55,7.66283524904215
liskova,lisykwovkoa,1,9,12,3.125
brezovica nad tor.,brezrovica naxeid ltor.,1,1,156,7.55287009063444
vajnory,vafjnonroqy,1,1,2,100.0
hornie lelovce,horsrnuiej lealovce,1,1,248,1.60384923817161
vyhne labor camp,vyhnsze hlxabopr camp,1,3,26,5.98290598290598
rebrin,prebqorin,1,1,17,11.5942028985507
cervenica,cermveuunicka,1,7,117,2.56410256410256
niznie zbojne,nmfizniez zbdojgne,1,1,42,8.24742268041237
divin,dxeiuvin,1,2,11,12.8205128205128
klembarok,klembaajryock,1,3,7,17.3913043478261
janovce,jzanovvnice,1,11,146,1.26382306477093
slovak archives  jewish census 1942 townships and communities	slovak archives reel 2  box 185 file 5,slovak archiveks  jecwish cjensuqs 1942 towinships and communzities	vslovak archiwuves reel 2  box 1i85 fiple 5,1,1,205,1.62368672397326
giglovce,gigldovcmcee,1,2,124,2.69058295964126
visnia radvan,nvisnhiza rwadvean,1,1,29,12.9032258064516
zubrohlava,zrubdriolhlava,1,1,46,6.9364161849711
uhrovec,uqhroqpvqec,1,8,11,3.125
liptovska stiavnica,liptovska dsytiuvgavnica,1,1,148,6.6079295154185
lubietova,ublubioebtova,1,51,153,1.0498687664042
velka lihotka,dvtelkma lihontika,1,1,66,8.62068965517241
obeckov,onberckovlv,1,2,74,2.97397769516729
zdiar,ziddiaqr,1,3,4,14.2857142857143
gan,lgtzan,0,0,6,0.0
sumiac,sumfignac,1,4,5,10.0
velke uherce,velkhe uiherbxce,1,26,43,1.68067226890756
nizny orlik,wniznyd orlazik,1,1,38,8.29875518672199
vlachy,evlacnhly,1,3,17,11.7647058823529
kosicka bela,kosicika hbolela,1,25,98,1.38888888888889
kapusany,kanpkusdanpy,0,0,12,0.0
malacky,majllackyry,1,1,21,8.57142857142857
tarnava,gctcahrnava,1,1,42,7.40740740740741
srnie,sdrlniqe,0,0,12,0.0
prensov badan,prensyov vbmaedsan,1,1,87,8.29015544041451
ratkovo,lruhatbkovo,1,1,79,2.75862068965517
drietoma,dfjrixetomra,1,3,6,16.6666666666667
skyvov  ?,skyvoav qk i?,1,1,19,17.1428571428571
maly ruskov,mamltyz rusekov,1,1,85,3.63636363636364
chmelov,acwhmebhlov,1,37,98,0.952380952380952
lietnice,lmietnvicpce,1,1,18,16.3265306122449
stara lubovna,itxsnwtara lubovna,1,1,67,17.2910662824208
niklasov,dniklnazsaov,1,2,41,4.9079754601227
dobra niva,dleuobrva niva,1,9,44,2.90697674418605
ivanka pri dunaji,iivdadnhka prir dunaji,1,1,69,13.8036809815951
bajerov,vvbajilerov,1,1,93,6.66666666666667
kubachy,ksubacfhezy,1,7,8,7.40740740740741
vydrnik,mvrydrninsk,1,1,44,7.14285714285714
kiripolec,kiqrqxicpolec,1,1,24,15.1515151515152
dubora,dhupkbora,1,1,33,7.47663551401869
zvolenska slatina,zvcolzenvkska slhatina,1,27,142,1.21317157712305
turo,towufro,0,0,57,0.0
dravce,dprbavcpe,1,3,8,18.1818181818182
semetkovce,semeatkokdvcue,1,1,16,17.1428571428571
dolnie slazany,dolnie slvpazatnbly,1,25,93,1.84331797235023
krajna porubka,kpzrajnda pcoriubka,1,1,27,16.5562913907285
cary,caxbrqy,0,0,1,NaN
oponice,opckoonioce,1,4,13,10.5263157894737
kostolne,grkosotoilne,1,29,38,1.50375939849624
hasprunka,hasfrpsrdunka,1,8,13,7.14285714285714
tomasovce,taopmasgogvce,1,95,124,0.465116279069767
boleraz,bxolpheiraz,1,3,10,14.7058823529412
letanovce,lwetanohvgcbe,1,23,30,2.80373831775701
hrabovec,hlrsnabovesc,1,1,124,3.57142857142857
snina,sbnjinaa,1,1,27,6.41025641025641
slovak archives - jewish census 1942 townships and communities reel 4  box 191 file 5,slovaka archvhidves - jewish censduhs 1942 townshnips and cokmmuznvities reel 4  box 191 file 5,1,1,236,1.60427807486631
radimov,wyrdadcimov,1,2,9,21.6216216216216
terna,xtrernya,1,2,27,5.10204081632653
novaky,bnoavasky,0,0,52,0.0
straza,sswtrafza,1,10,12,2.4390243902439
rarbok,rroarlbok,1,5,6,14.8148148148148
lendak,lfendawhk,1,1,5,36.3636363636364
pocuradlo,pcocurbvadllo,1,1,10,25.531914893617
durdos,ladurdvos,1,1,13,20.0
lubenik,luqbeenzrik,0,0,5,0.0
falkusovce,jfalkusjolvnce,1,1,12,29.0909090909091
velke kostolany,vjelkde kostmolajjny,1,1,73,8.4985835694051
lucky,nluvcrky,0,0,1,NaN
parnica,aparenikcha,1,51,54,0.531914893617021
okolicne,tokholicejne,1,59,81,0.65359477124183
spanie pole,spxanie jposlwe,1,1,29,7.94701986754967
grane petrovce,grpuanel npetrocvce,1,1,188,3.46020761245675
slovak archives  jewish census 1942 townships and communities slovak archives reel 3  box 189 file 4,slovak archaives  jeswish census 1942 townshilsps and communiaties slxovak archiorvems reel j3  bolx 189 file 4,1,1,241,1.57929370475982
kozarovce,wchkozyarovce,1,94,144,0.525210084033613
krna,kpmrsna,0,0,7,0.0
prensov,pghprwensov,1,1,105,6.07287449392713
hertnik,htertubnijk,1,17,20,1.53846153846154
nova bana,nnfovqao bana,1,1,19,21.1764705882353
hradiste,uharadihsfte,1,6,44,4.34782608695652
puchov,piwupchov,1,1,22,15.3846153846154
rozindol,ruleozindosl,1,6,17,6.77966101694915
bracovce,mboraacovcke,1,1,164,1.92926045016077
niznia nad oravou,nmoisznia qnad oravomu,1,14,102,1.45348837209302
hnojne,znhnojune,1,1,4,50.0
zborov nad bystr.,mzbojrov naud bydstrj.,1,1,124,6.38722554890219
pocenany,rpocenlanduy,1,1,82,5.58139534883721
duplin,hnduplvin,1,1,12,15.6862745098039
petrova ves,petorovjba vces,1,123,168,0.463678516228748
mosovce,mycosogvace,1,8,9,4.16666666666667
hricovske pohradie,hriucovskwrae pwohradie,1,1,91,8.29875518672199
stare,skdwtare,1,14,18,3.2258064516129
velky slivnik,velky slcrivnerick,1,1,122,4.67445742904841
zitna,zbcitnpa,1,2,3,44.4444444444444
bojnice,borjineicve,0,0,22,0.0
preselany,pzresvelyadny,1,7,49,3.24675324675325
niznie cabiny,hnizncie chabiensy,1,1,135,4.70588235294118
hudcovce,huvjdcovchve,1,1,129,2.47422680412371
petejovce,wxpetekjaovce,1,1,129,1.84119677790564
opoj,oxpvroj,0,0,1,NaN
lastovce,lqastozkvcxe,1,1,31,7.3394495412844
klace,takwlace,1,1,17,13.5593220338983
racistorf,fracistoapqrf,1,3,41,3.57142857142857
senica,senniwcia,1,8,12,4.0
radosovce,rawdoysokyvce,1,6,133,1.06157112526539
ivanovce,xivaznmoovce,1,1,131,1.40845070422535
kuklov,kufklxlov,1,15,96,1.97044334975369
trebasovo,ettroebasrovo,1,1,49,6.81818181818182
knazice,wwsknkazice,1,1,61,5.76923076923077
krupina,krupxizxuna,1,7,12,9.30232558139535
horovce,amhorowvcne,1,1,38,6.45161290322581
nizna sunava,aniozna sqzunava,1,1,64,7.9734219269103
horne obdiekovce,hornef ocbdielnkokvce,1,1,168,4.25531914893617
hornia suca,yhorniam szmuca,1,1,57,6.6006600660066
piarg,puiaxrrg,0,0,1,NaN
spisska sobota,spitsiska sobxooqta,1,1,77,7.28155339805825
biskupice,bieiiskupkice,1,2,61,6.89655172413793
pozdisovce,upouzdisbovjce,1,21,28,2.12765957446809
sered,sgliered,1,26,36,1.72413793103448
bratislava,brjzatisliaeva,1,5,25,4.65116279069767
bystricany,bybstriicvapny,1,34,41,1.18343195266272
rejdova,rejdiosvbga,1,4,6,14.2857142857143
zlate moravce,rzlkate morjrapvce,1,1,145,6.70391061452514
zakovce,bzarkhqovce,1,37,126,0.947867298578199
kaluza,kalruwzja,1,6,9,12.5
kamenica nad cirom,kamaenicaw naid cirotpm,1,14,185,1.44
topolcianky,toyplolcixanmky,1,1,16,15.1515151515152
hamborek,hambokholrek,1,1,13,27.5862068965517
ohradzany,ohravdszghany,1,84,117,0.714285714285714
horne jaseno,hormnew jnasleno,1,38,50,1.19760479041916
dolny lieskov,dolxny lwriesklosv,1,17,134,1.2987012987013
stara tura,starapp tumrva,1,16,30,2.32558139534884
zavadka,umzalvadtka,1,1,9,18.5185185185185
svrcinovec,szvfrcninovkec,1,3,62,3.40425531914894
istebnik,istteydbncik,1,19,20,1.61290322580645
bukovina,bubudkovinoa,1,3,95,3.0690537084399
kovalov,korvaoilyov,0,0,2,0.0
castkov,casztwkoauv,1,2,4,30.7692307692308
slovak archives  jewish census 1942 townships and communities	slovak archives reel 2  box 185 file 6,slovzak archhvirveabs  jewish ccensus h1942 townships andi communitjieos	slovak archives reel 2  box 185 file 6,1,1,201,1.68274624186673
kremnica,kremnfdoigca,1,2,6,21.4285714285714
torysky,tsorsyhscky,0,0,11,0.0
niznia polanka,nizynbika polwuanka,1,1,104,5.4176072234763
trstena,ytghirstena,1,2,19,10.958904109589
hornie srnie,howrnaibe srnfie,1,1,26,12.2448979591837
visoka,kaviksoka,1,1,17,11.1111111111111
oscadnica,ohsiatcadnica,1,23,75,1.49700598802395
gombas,gpkoembas,1,1,9,28.5714285714286
slovak archives - jewish census 1942 townships and communities reel 4  box 192 file 309,slotvak archives - jewish censusads 1942 townsajhipvs and communities reel n4  bonx 192 filge 309,1,1,153,1.82434193380245
spisske pohradie,scpkisskei pohraaedie,1,1,80,10.1522842639594
brehy,sbrxenhy,0,0,1,NaN
rozlozna,treozloukzna,1,1,27,10.8108108108108
michalany nad torysou,muicphalanyk nbad ektorysou,1,1,145,8.53242320819113
budatin,djbouodatin,1,1,20,18.5185185185185
maly slivnik,makaly sldivnoik,1,1,74,7.43494423791822
kurov,cikuwrov,1,9,40,3.36134453781513
vieska,vipefskja,0,0,1,NaN
niznie slovinky,nizdnie ssslovbienky,1,1,151,4.78632478632479
hradiste pod vratnom,hrxadilrste epod vratnoum,1,1,59,17.3913043478261
podvysoka,posdvysogykra,1,1,25,11.7647058823529
svaty antol,svdaty ovantojl,1,55,144,0.99009900990099
lipt. hradok,lzipth. muhradok,1,20,48,2.22222222222222
rajec,rajbevec,1,3,21,6.75675675675676
krakovany,kraakkmojvany,1,68,87,0.872093023255814
slovak archives - jewish census 1942 townships and communities reel 4  box 192 file 1,slosvak archives - jewsvish census 1942 townshxicps anqknd commnunities reel q4  box 192 file 1,1,1,184,1.71812749003984
straze,sstarazee,1,8,38,3.92156862745098
abrahamovce,vazbrahamouvcze,1,1,23,22.7272727272727
sarfia,sfaxrhfia,1,1,2,100.0
diviaky nad nitricou,diviakvy nad hznidrtricou,1,27,93,1.54639175257732
kocovce,kuoacogvcme,0,0,8,0.0
sarbov,sailrrbov,1,3,19,9.41176470588235
andrejov,abnidyrejiov,1,4,9,16.6666666666667
dolne oresany,donplneme oremsany,1,2,117,5.02092050209205
zlatovce,euzlatolvcre,1,1,22,13.1868131868132
bijacovce,bijlaxtcovwce,1,17,23,2.7027027027027
visoka nad kisucou,visjokax hnnaad kisucou,1,1,86,3.04878048780488
maly bab,nmaliye barb,1,2,49,5.31914893617021
cierny balog,cicerny ibalohkg,1,26,107,1.23152709359606
zilina,zqtilimna,1,4,5,13.3333333333333
klatova nova ves,klyatomxvwa novca ves,1,31,231,0.720906282183316
dolne srnie,odolpne sqarnie,1,1,70,6.06060606060606
stary tekov,stlaray tfqekov,1,1,80,4.95049504950495
radvan nad hronom,radvfgan nad hjrnfonom,1,1,81,6.77506775067751
ratkova,xgragtkosva,1,35,41,0.769230769230769
sisov,sipzsbov,0,0,18,0.0
bzimy,bpzdimay,0,0,7,0.0
liestany,sloinesftany,1,3,147,2.01511335012594
lysa pod makytou,lvysa pod cmmladkytou,1,1,114,10.5571847507331
vydran,ylvydhran,1,2,34,6.50406504065041
ruzomberok,rzduzomwbjerok,1,1,14,18.1818181818182
dolny kubin,dolkngy kctubin,1,1,50,4.54545454545455
rovne,trovbune,1,10,37,3.17460317460317
kos,sjkios,0,0,1,NaN
lozorno,lozlozrqsno,1,7,8,3.2258064516129
pecovska nova ves,pecovska emnaovav voes,1,1,198,5.19480519480519
kuzmice,kuzbmiycbpe,1,1,2,100.0
stelbach,stxehlbtatch,0,0,2,0.0
siroke,lbsioroke,1,10,16,4.16666666666667
zborov,zwboryosv,1,20,21,1.42857142857143
horne oresany,dhsorbne onrersany,1,1,109,4.67289719626168
vitanova,zvxitansoova,1,1,141,3.33333333333333
modry kamen,modrby ukobamen,1,1,21,20.3389830508475
luky,eluiyky,0,0,2,0.0
visnie slovinky,visnie qsprnlovinkay,1,1,157,5.81583198707593
blazov,jblazznov,1,1,57,3.90243902439024
stara lehota,stara plehhrotva,1,3,58,6.77966101694915
hochetetno,wlhocghhetetno,1,1,11,20.0
spissky vlachoch,sgpissxky vlacwihowch,1,11,55,2.4822695035461
vradiste,vrkaaxdoiste,1,19,22,2.02020202020202
harmanovce nad toplou,hljarmanovdsce nad toroplou,1,1,178,5.33807829181495
hrabovcik,htrabgorvdcik,1,1,22,11.3636363636364
pobelnik,poobwlwelnik,1,1,34,10.5633802816901
rosina,etrosinda,1,22,29,2.52100840336134
stitnik,vtstitnrcik,1,1,20,19.2307692307692
koska,ekowjska,1,28,45,2.46913580246914
hloza,fdhhloza,1,1,7,50.0
borsky svaty jur,borsky svlzatoyg jurr,1,1,62,10.8958837772397
petrikovce,pehtriykorcvce,1,1,135,1.70940170940171
michalovce,cmicahhalgovce,1,86,177,0.801603206412826
svedlar,lsrsvezdlar,1,2,6,30.0
krnca,kmrcznca,1,2,4,30.7692307692308
olesna,codlsesna,1,1,8,21.6216216216216
oravsky podzamok,oiravskyu podzsamvozk,1,10,84,2.02898550724638
slovak archives jewish census 1942 townships and communities slovak archives reel 3  box 189 file 1,slovak abrchives jewish censubsv x1942d ltownships andy comtmunities kslovak archives reel 3  gbox u189 file 1,1,1,207,1.61010651473867
sekule,skeckulle,1,25,45,2.7027027027027
jablonka,jvxeabmlonka,1,7,11,9.375
ortutov,courtuutpov,1,6,9,14.2857142857143
lomne,tcqlomne,1,1,7,42.8571428571429
pusty fedymes,pfyluszty feodymes,1,1,31,25.8620689655172
lubotin,hldsubpotin,1,1,19,12.5
